text,label,notes
"Vitality lost? CS watchable again?",hot_take,Bold assertion with no evidence - implies Vitality was the only reason CS was unwatchable
"Gameplan is better for falcons but vitality smart with their money",hot_take,Asserts a strategic and financial claim about both teams with no supporting evidence
"vitality always lose 1 map in a bo3 vs absolute crazy betting odd's makes u wonder haha.",hot_take,Sweeping generalization (always) stated as pattern without data to back it
"I'm hyped af even tho I know stage 1 gonna have trash teams like Liquid playing. But major always has some team that makes a run out of it despite expectations and it's always a cinema to watch them do it from stage 1.",reaction,Primarily emotional hype post - hot_take elements present but feeling is the main content
"BIG!!!! What the fuck did we just witness?",reaction,Pure emotional reaction to a match moment
"Whats the point of a showmatch if the participants are sweaty tryharders? They shouldnt even bother with one if this is what we get.",hot_take,Strong opinion stated as fact with no reasoning or evidence
"The Falcons - Vitality quarter final is kind of a shame, but then they are going to have to beat Vitality either way so...",hot_take,Opinion about bracket matchup stated without tactical backing
"Its safe to say Hally should not be allowed to return to Team Spirit. Spirit is much better without him leeching trophies and stressing them out. Let Jab Jabich take over after Major, he understands the team and he keeps the vibes good",hot_take,Bold coaching take with no stats or evidence - pure assertion
"1.50 Rating 3.0 - Donk in 2026, incomparable.",analysis,Cites a specific verifiable HLTV rating stat to support a claim about Donk's dominance
"Yuurih won 41 out of 49 clutches this year.",analysis,Specific verifiable stat (41/49 clutch wins) used to make a claim about Yuurih's performance
"Joins falcons, goes to 3 consecutive finals in a row",analysis,Specific verifiable record (3 consecutive finals) making a factual claim about Falcons' run
"With Karrigan and Fer Joining Major qualified teams, There are 9 players who will play both the Cologne 2016 Major and Cologne 2026 Major",analysis,Specific historical comparison with a verifiable number (9 players) across two events
"It's more like Vitality against Spirit than ZywOo against donk",hot_take,Framing claim about team vs individual - confident assertion without statistical backing
"Sporstwashing finally wins their first major. Good job falcons, shocked it took this long to finally buy the players to win it but hey you got endless money so all the time in the world. Not like FURIA helped, they look shaky out there with all the losses to deags/low buys.",hot_take,Attributes Falcons win entirely to money - bold claim stated as fact with no tactical analysis
"I guess it was only a question of time until the sportwashing project forced themselves through these doors as well",hot_take,Bold assertion framing Falcons' win as inevitable due to funding - stated without evidence
"This is my 9/11.",reaction,Hyperbolic emotional reaction to Spirit's elimination
"karrigan diff",reaction,Short celebratory reaction crediting Karrigan for the win
"NO RETURNS WEEWOOWEEWOO",reaction,Pure hype reaction with no argumentative content
"We were fucking here man... Congratulations Niko",reaction,Emotional celebratory reaction directed at a specific player
"GG. Can do nothing when they start popping off. Kyosuke is so good",reaction,Conceding the match with immediate emotional admiration for a player
"Spirit in the final instead of Furia would have made it much less boring. Love to see Spirit facing Falcons again in the near future with a human coach. Jab Jabich was good but u know, he has some limits.",hot_take,Bold claim about what the final should have been - no supporting evidence for boringness claim
"For how rigorous the swiss system is, one side of the bracket was insanely stacked while the other was devoid of great teams....",hot_take,Asserting bracket imbalance without citing specific seedings or stats
"8 YEARS AFTER BOSTON THE GOAT RIFLER FINALLY GETS HIS CROWN AFTER AN INSANE GAUNTLET POETRY WITH INFERNO AS THE DECIDER",reaction,All-caps celebratory eruption referencing player history - pure emotional content
"WEE FUCKING WOO",reaction,Pure emotional outburst with no argumentative content
"NiKo finally beating the choking allegations, so happy for him and karrigan! Going through the gauntlet of Vitality and Spirit, the most deserved win in Major history.",reaction,Emotional celebration tied to player narrative - ""most deserved"" framing is reaction not analysis
"Biggest tragedy of the major is definitely the bracket, not giving Vitality or Spirit the chance to show what they could do in a Bo5 feels like a real travesty when you compare how they played against Falcons with how Furia performed today.",hot_take,Strong opinion about bracket format stated as fact - ""biggest tragedy"" and ""real travesty"" with no structural argument
"It only took 4 superstars and 15 gazillion dollars to win a major. Congratulations to Falcons!",hot_take,Sarcastic dismissal of Falcons' win attributed entirely to money - stated as if obvious fact
"Congratulations to the Saudi Arabian Public Investment Fund. You did it. You rehabilitated the image of Saudi Arabia on the world stage.",hot_take,Sarcastic political assertion framing Falcons' win as a PIF PR win - stated as fact
"Counter Strike lost today.",hot_take,Bold dramatic assertion with no evidence or argument - pure claim
"Games gone.",hot_take,Extremely short bold assertion - dismissive claim about the state of CS stated as fact
"Such amazing storyline. I am so happy for Niko. Still don't let that distract you from the fact that Falcons is blood money sportwashing org.",hot_take,Acknowledges the storyline but pivots to a bold political characterization stated as undeniable fact
"kind of a shitter final, but realistically Furia should never have been there had the second bracket not been a complete meme bracket",hot_take,Dismisses the final and asserts bracket was a ""meme"" - no data on opponent difficulty in that half
"Not even close. I am surprised people even thought furia had a chance when they had such an easy bracket and they been looking bad for this whole year. Meanwhile this is falcons peak, beating vitality and spirit to be in the finals",hot_take,Dismisses Furia with sweeping generalization (""looking bad for this whole year"") - no stats
"If Spirit got HeavyGod instead of Zont1x, they're 100% winning the Major.",hot_take,Counterfactual stated with 100% certainty - no argument for why HeavyGod specifically makes the difference
"Poor sh1ro. Team failed him like always. Group stage merchants.",hot_take,Harsh characterization of Spirit (""group stage merchants"") stated as established truth with no record cited
"it's a karrigan classic to beat the hardest bracket and lose to the final opponent",hot_take,Pattern claim about Karrigan asserted as established behavior without citing prior major results
"Donk the group stage merchant",hot_take,Bold characterization of Donk - extremely short assertion stated as fact
"Guess spirit can't beat falcons without crowd cheating",hot_take,Attributes Spirit's previous wins over Falcons to crowd cheating - unsubstantiated dismissal
"Donk always look human when it's vs Niko and monesy man",hot_take,Pattern claim (""always"") about Donk's performance in specific matchups - stated without stats
"Age is highly overrated in esports, looking at some of the old heads in the major final kinda shows that, experience counts for so much",hot_take,Broad claim about age in esports stated as conclusion - uses the final as anecdotal proof
"Finally, dreams can be bought",hot_take,Dismissive assertion that Falcons' win was purely money-driven - stated as conclusion
"Karrigan can sleepwalk his way into a major grand final only to lose that.",hot_take,Predicts Karrigan will choke the final - stated as behavioral pattern with no data
"sending Vitality and Spirit home is just as good as winning the major. Falcons really are the best eco/force buy team it's a actually insane",hot_take,Two bold assertions: equivalence of semis and winning; Falcons being ""the best"" at economic rounds - no stats provided
"Teses DESERVES this major, he may be the most deserving of this major in this entire lineup. He GAVE Falcons the win with the insane 1v2 clutch, he never disappoints when needed, he the pillar of this team.",hot_take,Subjective superlative claim (""most deserving"") stated as fact - one clutch cited but used to generalize character
"the sh1ro playoff choker notion needs to be put to rest, man was top fragging for spirit every map",hot_take,Asserts sh1ro was top fragging every map - stated without per-map stats to verify
"Don't tell NiKo it's a major",hot_take,Meme-take referencing NiKo's reputation for underperforming in majors - asserting pattern as established truth
"Death, taxes and Karrigan finding a way into major finals",hot_take,Elevates Karrigan's major finals record to an inevitable certainty - bold assertion
"Getting karrigan was by veery far best PR move Falcons did.",hot_take,Sweeping superlative claim about PR impact with no comparison to other moves
"Falcons deserve to win this with the absolute gauntlet they've had to run to get here. Furia barely played a T10 team all tournament",hot_take,Makes a normative claim about deserving and dismisses Furia's bracket - no ranking data cited
"Think my biggest takeaway is that Spirit is scary going forward. Old Spirit was just Donk and friends but we're seeing that even with Donk underperforming the pieces around him are very strong. Once Magixx gets more reps as IGL and they have a coach to help control their mental, I see them as favorites for the future.",hot_take,Forward-looking prediction stated with confidence - ""favorites for the future"" is assertion not evidence
"Looks like Falcons stole Vitality's mental fortitude. Damm they're reaching a higher level during OTs",hot_take,Asserting Falcons absorbed Vitality's mental strength - metaphorical claim with no statistical support
"This Furia squad is full of players who can go missing in finals and we all know how falcons have looked in finals.",hot_take,Characterizes entire Furia squad with ""goes missing"" pattern - stated as common knowledge without individual stats
"Don't let Tn1rs stats fool you, him and zontix are 85% of the reason why Spirit lost today, rest 15% was Donk and Magixx just not having impact",hot_take,Invented percentage breakdown stated as if precise analysis - numbers are fabricated
"I skipped World Cup to watch this. What a fucking cinema.",reaction,Personal emotional sacrifice framing - expresses feeling about the match quality
"OH MY GOD YESSSSSSSS. I was SCREAMING the last 10-15 minutes of the match. Who knows what my neighbors think.",reaction,Physical and verbal excitement described - pure emotional reaction
"ABSOLUTE CINEMA. PLS NO CHOKO TOMORROW",reaction,Caps-lock hype with an emotional plea - primarily expressive content
"My heart can't take this. Genuinely what is this team.",reaction,Emotional overwhelm in response to the match - no argument made
"CINEMA Fallen can end his playing career in the best way possible and drive into the sunset, or Niko can lift the curse. I almost wish that both of them can win, tomorrow is gonna be fun",reaction,Excitement about storyline - emotional investment in player narratives
"daaaaamn, both vitality and spirit out",reaction,Short surprised emotional response to the bracket results
"This match gave me a heartburn at 2 AM",reaction,Physical emotional reaction to the match tension
"Uh so we are Falcons fans now! Lets fucking gooooo",reaction,In-the-moment bandwagon excitement - pure emotional reaction
"I was really rooting for magixx, but okay Niko. You can finally have your major :) I was such a hate watcher of G2 Niko in CSGO, but Niko + m0nesy is such a wholesome duo, you can't help but cheer for them.",reaction,Describes personal emotional journey watching - feeling-first content
"This has been an unbelievable major so far. We've been eating on this side of the bracket",reaction,Excited expression of enjoyment - no argument about teams or tactics
"Watching Niko and Monesy's passion and their interviews, you can't help but cry. What a long road Niko has had to get to this point.",reaction,Emotional reaction to player interviews and career narrative
"This entire side of the bracket has been fucking incredible, so many great games. Can't believe I'm seeing karrigan and NiKo together in a Major final again, I still remember watching the Boston final 8 years ago",reaction,Nostalgic emotional reaction - feeling-driven, personal memory referenced
"Inject that karrigan gameplay straight into my veins. How does his teams always entertain so much. It's always down to the wire, all the rounds, chaos, insane plays, clutches left and right etc.",reaction,Expresses physical craving for Karrigan gameplay - primarily emotional enthusiasm
"Holy moly Teses is rock solid. I have been rooting for him since his Heroic days. I hope he can finally get his major!",reaction,Personal fan investment in a player - emotional hope expressed
"niko its time. ive been watching you for 10 years. time to realize your destiny and lift the trophy",reaction,Emotional plea to a player based on personal investment over years
"No matter the results, I'm still so proud of Team Spirit for coming this far! They had no coach to call for time outs to strategise and reset their mental, and yet, they've managed pushed their opponents to many game point rounds throughout the tournament.",reaction,Pride and admiration framing - emotional first even if coaching fact is mentioned
"C I N E M A",reaction,Single-word spaced out dramatic reaction - pure expressive content
"Teses 1v2 and Karrigan smoke push saved them",reaction,Short excited call-out of a specific clutch moment - emotional highlight not an argument
"This is the first major I've seen. Are they all like this because this has been insanely fun to watch.",reaction,Newcomer excitement about the spectacle - purely expressive
"karrigan has now performed 8 upsets in CS2 major playoffs in 4/5 majors: Copenhagen: Spirit and Vitality / Shanghai: Vitality and G2 / Budapest: MOUZ and Na'Vi / Cologne: Vitality and Spirit. Most of these were top 3 teams at the time. Budapest is by far the weakest.",analysis,Systematic enumeration of specific upsets across 4 majors with ranking context - fully verifiable
"m0NESY on anubis was just unfair, 2.13 rating in a major grand final map is insane. karrigan and falcons finally got the major trophy they been chasing for so long, good for them",analysis,Cites specific player rating on a specific map in a specific match - verifiable stat used as evidence
"Falcons under Karrigan: 9 overtimes, 8 wins",analysis,Specific verifiable record (9 OTs 8 wins) cited as evidence for a claim about Falcons under Karrigan
"In round 11 Spirit was leading 6-4, 5x3 situation. Zont1x decided to leave B open, and Niko freely entered. This ultimately led to a lost round. That half should have been an easy 8-4 for spirit",analysis,Specific round number and player count cited to support a tactical claim - verifiable game event
"The stats absolutely do not do karrigan justice. Every single one of his kills was an IMPACT kill. The back to back solo B holds on mirage, the quick awp double on B anubis, the smoke walk to stop the plant on B D2 - none of these sound like karrigan plays lol",analysis,Cites specific tactical plays across specific maps to support an argument about impact kills - grounded in verifiable in-game moments
"0.97 when he gets all the resources is horrible from Donk. Zywoo also massively shat the bed in 2 maps but his inferno carry saved his rating. This very much feels like 2022 Faze with three musketeers and Teses stepping up like rain.",analysis,Cites Donk's specific rating; draws historical comparison to 2022 FaZe; identifies specific players and structural roles
"However you cut it, it's a pretty big win for IGLs. I remember back in like 2016/2017, it started becoming expected for IGLs to also frag. As the game has matured, the opposite has started becoming true again. It seems that firepower adds to the chance of success, whereas strong leadership multiplies the chance of success.",analysis,Makes historical argument about the IGL meta evolution (2016/2017 vs. now) with a specific structural claim about firepower vs leadership
"karrigan is inevitable. kyxsan's Falcons this year never won playoffs, kyousuke looked like a bum. Now in this major playoffs, kyousuke is the 2nd highest rated player of the tournament, and Falcons are winning all the playoffs matches.",analysis,Before/after comparison: cites kyousuke's playoff record pre/post Karrigan and tournament ranking - verifiable data
"They are playing without a coach and an IGL that started in December of last year",analysis,States two specific verifiable facts about Spirit's structural disadvantages as evidence for their performance
"And it's not just a lucky major win, they beat navi, vitality and spirit, literally couldn't have been any harder.",analysis,Lists specific opponents beaten (NAVI, Vitality, Spirit) as evidence for strength of Falcons' run
"If they won, I imagine this would be the most ridiculous major win ever. Their last win in groups was against NAVI, then Vita, then Spirit, and then Furia. That'd be all the other teams in the top 5 all in a row.",analysis,Maps Falcons' bracket path against verifiable top-5 team rankings to support the claim about difficulty
"What an unbelievably underwhelming playoffs from donk. It felt like they never utilized him for any aggressive plays, on CT side he was just sitting in sites most of the time, very rarely did the team do any pushes with him for map control and info.",analysis,Tactical observation about Donk's role and utilization - specific positional and strategic claims grounded in observed gameplay
"To pull this result with no coach is impressive. Spirit definitely ran out of steam without someone in their corner with an outside view and even m0NESY mentioned on the desk how much a difference the coach made in the closer games.",analysis,References m0NESY's interview as specific evidence for the coaching impact claim
"Donk dropped a 0.97, in his terms it is like dropping a 0.30 (for normal players).",analysis,Specific rating stat (0.97) used with a comparative frame to argue Donk underperformed relative to his baseline
"What a terrible day for donk. The eye test for him was better on dust2 though so I don't know how his rating was the worst there. The eye test for him was the worst on mirage. Sh1ro was great and tn1r and magixx were pretty good. Zont1x was just awful. Zont1x used to be the consistent floor raiser on the team. He rarely dropped bad maps but so far it feels like he has had way more disasterclasses in 2026 so far than entire 2025.",analysis,Map-by-map player breakdown with historical comparison to 2025 performance - systematic per-player evaluation
"this has to be the most competitive Major bracket in who knows how long. The biggest losers might actually be everyone left on FaZe. Broky and jcobbb already were bad enough, but frozen and especially Twistzz frankly got their stocks and image tank hard with this. Karrigan's calling can clearly still work, even if it requires high firepower for it to work. And everyone on FaZe basically let him down in his last remaining months in the team.",analysis,Names specific FaZe players and argues their image was damaged by Karrigan's success elsewhere - player-specific argument with verifiable roster context
"Donk finally having a proper badly played series. Magixx with some very questionable calls as well: AWP just fucked us on A, lets go A again without any plan for how to deal with the AWP",analysis,Cites a specific in-game IGL call (repeated A execute after AWP death) as evidence for questionable decision-making
"That Karrigan play by pushing the smoke to kill the 2 Ts really secured Falcons the finals.",analysis,References a specific identifiable in-game play as the decisive moment - grounded in a verifiable game event
"Say what you want about Karrigan's numbers in game, since he joined the team their mental resilience in pressure situations has been waaaay better. This is not a knock on Kyxan, who in my opinion is a far better player than Karrigan. But the team didn't need an IGL that shoots well, it needed an IGL that takes the lead when the pressure is highest.",analysis,Distinguishes between raw fragging and IGL value with a specific structural argument - the Kyxan comparison is used to isolate the leadership variable
"Tn1r's decision making has been pretty awful this whole tournament. Also if you didnt watch the game: the stats absolutely do not do karrigan justice. It genuinely feels like every single one of his kills was an IMPACT kill. The back to back solo B holds on mirage, the quick awp double on B anubis, the smoke walk to stop the plant on B D2",analysis,Identifies specific map-by-map plays as evidence for impact kill claim - tactical breakdown with specific game events cited
"100% was saying even if karrigan goes .7 rating, if he lifts everyone else by .1 it offsets it entirely. Falcons 4 man core has enough firepower for 5. Karrigan just needs to get his important kills which I think he does a great job at.",analysis,Makes a numerical argument about IGL value tradeoff (0.7 rating offset by +0.1 lift for 4 players) - structured if approximate
"Don't let Tn1rs stats fool you, him and zontix are 85% of the reason why Spirit lost today, rest 15% was Donk and Magixx just not having impact. Tn1r won them mirage though. Donk and zont1x were indeed the worst players today. Zont1x though was easily the worst. Where's the reliable high floor anchor from 2025?",analysis,Provides per-player breakdown with map-level specificity (tn1r won mirage) - despite the made-up percentages the underlying analysis references verifiable map outcomes
"Donk played so bad this game to be honest. What happened to him? Off day Deluxe?",reaction,Short surprised response to Donk's poor performance - expressed as a rhetorical question with emotional undertone
"Teses might be top 20 player. The amount of impact plays on crucial rounds is unreal",hot_take,Asserting top 20 status for Teses - superlative claim with no ranking stats cited
"MOST CLUTCH 0.73 RATING IGL",reaction,Celebratory all-caps reaction to Karrigan performing clutch plays despite a low rating
"Niko was actually choking so hard but then he locked tf in. Man please Niko if you play like you did at the end of dust 2 you will actually win the major pleaseeeee",reaction,Emotional plea to a player mid-series - expressing anxiety and hope in real time
"The Last Dance (Fallen) vs The Last Chance (Niko)",reaction,Narrative framing of the final as two emotional storylines - no argument just feeling
"I already know, 2 months later someone will type that Karrigan had no impact in this major with just 0.75 rating lmao",hot_take,Predicts future community behavior dismissively - bold meta-commentary stated as certainty
"TeSeS winning that 1v2 lowkey won Falcons the game",reaction,Excited call-out of a single decisive play - short in-the-moment highlight
"GGs, whoever wins tomorrow deserves it but I cant help but root for Niko this time even though they eliminated Spirit. Niko needed this more than anyone for the love of God please don t choke.",reaction,Emotional declaration of support for a player - rooting language and plea
"Niko and Monesy truly deserve it after all this time but we will see",reaction,Emotional expression of investment in two players careers
"Karrigan and Niko together, nothing can go wrong!",reaction,Short optimistic emotional cheer - no argument
"Karrigan takes revenge for Shanghai major over team donk!!!",reaction,Excited historical callback to Shanghai major - emotional framing of narrative payback
"Karrigan vs Fallen. Niko vs the Ghost of Boston. B05. Molodoy vs m0nesy. Oh my fucking god it cannot get more cinematic then this",reaction,Pure hype about the final storylines - lists matchups as emotional hooks not tactical analysis
"Im starting to believe.. Niko will have his major.",reaction,Short emotional declaration of belief - feeling-first no evidence
"Can t believe tomorrow either NiKo or KSCERATO will get a major.",reaction,Excited disbelief about the narratives converging - pure emotional response
"is this like the best major playoffs in history so far? these matches were nailbiters god damn",reaction,Rhetorical question expressing excitement about match quality - emotional not analytical
"did it in classic Falcon style too winning in OT",reaction,Short nostalgic excited comment about Falcons OT pattern - celebratory
"What tf has Karrigan been feeding Teses?",reaction,Humorous excited rhetorical question about Teses improvement - no argument just awe
"donk lowkey sold this game",reaction,Short in-the-moment blame reaction to Donk s performance - emotional assessment
"Fair fucks to magixx he is fragging calling and being the coach maybe next time",hot_take,Asserts Magixx is simultaneously doing three roles - stated as obvious observation without evidence
"Zonic > no coach confirmed",hot_take,Bold comparative claim about coaching impact - stated as confirmed fact from one data point
"The GOAT of CS cant aim or shoot but my god is he never boring",hot_take,Asserting Karrigan is the GOAT of CS without a stat or record - pure subjective superlative
"Falcons in Overtimes are actually so unstoppable now. The mental resilience these guys have developed in such a short amount of time under Karrigan is inspiring.",hot_take,Claims Falcons are unstoppable in OTs - stated without their OT record as evidence
"Never a boring match when Spirit are playing",hot_take,Sweeping generalization about Spirit always being entertaining - stated as universal truth
"Furia have the edge they had an easy game today Falcons just played a mentally draining match",hot_take,Predicts Furia advantage based on fatigue logic - stated as fact without comparative data
"Falcons is on the mother of all honeymoons",hot_take,Bold colorful characterization of Falcons run as unsustainable momentum - assertion with no basis
"Kerrigan might have been the final piece",hot_take,Bold claim that Karrigan alone was the missing ingredient - stated without roster comparison
"Ghost of donk in the playoffs and the ghost of zywoo these two just have nothing on falcons",hot_take,Dismisses both Donk and ZywOo as playoff ghosts against Falcons - sweeping pattern claim
"Karrigan being added was the final nail in the coffin. And CS fans are weak willed as shit.",hot_take,Attributes entire community opinion shift to one signing - stated as established fact
"Looks like all those close games these last few events really mentally toughened up the Falcons. The vibes are immaculate right now!",hot_take,Claims Falcons mental toughness was built through past close games - asserted without tracking their historical OT record
"Thankfully they got a 3rd superstar in kyousuke otherwise one of the greatest IGLs of all time the coach of the greatest team of all time and a superstar-studded roster with essentially unlimited budget would ve probably lost to a coach-less team",hot_take,Sarcastic dismissal of Falcons resources - makes a point by asserting extreme hyperbole
"Kyousuke has been the number one fragger in karrigan Falcon era he is being utilized like donk",hot_take,Bold comparative claim (utilized like donk) - stated without per-map rating comparison
"We need Furia to save counter strike tomorrow",hot_take,Dramatic assertion that Furia winning is necessary for the health of CS - stated as if obvious
"If falcons needs one more superstar they can just re-sign teses. He is fucking stud. Absolute unsung hero.",hot_take,Bold claim that Teses alone would be the solution if they needed more firepower - no stats cited
"Thank god they won and kicked Spirit out monesys did some very questionable plays made me think they ll throw the whole series. Also Teses MVP.",hot_take,Asserts Teses as MVP without stats - also attributes near-throw to Monesy without specifics
"Wonder how Donk and spirit fans will pin this on sh1ro",hot_take,Sarcastic prediction about community scapegoating - stated as inevitable
"Zontix putting up Karrigan numbers without the responsibility of calling disasterclass",hot_take,Dismisses Zont1x performance with a stat comparison framed as a burn - asserting without looking up the actual ratings
"You hold smoke you get the obvious flash. You hold anti flash you get karrigan nothing to loose smoke push. You think no way he does that too obvious you hold anti flash. You second guess is he thinking we think that? Nah shit he smart we hold anti flash",analysis,Step-by-step tactical mind-game breakdown of why Karrigan s smoke push worked - models opponent decision tree with specific action/counter-action logic
"you really don t understand how jumbled up comms are when they re in an arena this big and electric. One of them did call to watch doors but it got overlapped by how loud the crowd was and i don t blame them for nerves taking over",analysis,Makes a specific environmental argument (arena crowd noise disrupting comms) to explain Spirit s tactical mistake - situational reasoning with identifiable cause
"Tn1r won them mirage though. Tn1r was shit since stage 3 started but today he was fine. Donk and zont1x were indeed the worst players today. Usually these 2 have been the best performers in spirit in playoffs. First bad major series for donk in his career. Zont1x though was easily the worst. Where s the reliable high floor anchor from 2025?",analysis,Per-player map-specific breakdown (tn1r good on Mirage bad otherwise) with historical comparison to their 2025 playoff performances
"Spirit just needs to work on the teamplay and strategic aspects and they will start racking in tournaments. Their individual talent is genuinely insane. A team with actual weak players wouldn t have made it out of swiss stage if they played the way Spirit played this major.",analysis,Uses Spirit s swiss stage result as evidence for their individual talent - draws logical conclusion about team ceiling from observed performance
"Zverev s path to the title was the opposite of Falcons. He would have had to go through Alcaraz Sinner and Djokovic just to make it to the final to match what Falcons have done so far.",analysis,Cross-sport comparison using specific named opponents to illustrate Falcons bracket difficulty - verifiable analogical argument
"Zywoo at least top fragged and solo carried inferno Donk was just full missing today.",analysis,Map-specific performance claim: attributes Vitality s inferno result to ZywOo specifically and contrasts with Donk s map-wide absence - per-map player comparison
"Everyones going to be talking about Falcons and Karrigan but Magixx has played and called his heart out. Amazing tournament from him and he s shaping up to be a really good igl",hot_take,Predicts Magixx will be overlooked - asserting he s shaping up to be a good IGL without citing calling decisions or stats
"i cannot believe sh1ro magixx and tn1r were far superior players than fucking donk in a major playoff game",reaction,Shocked reaction to Donk being outperformed by supporting players - disbelief expressed emotionally
"don t think i can bring myself to hatewatch falcons when NiKo is so close to his major. But Fallen last dance major would be cinema.",reaction,Personal internal conflict about who to root for - emotional not argumentative
"No the biggest loser here is unfortunately kyxsan. Man gets to see another guy take his former team all the way to the Grand Finals.",reaction,Empathetic emotional reaction about a player s situation - expressive not analytical
"This match could ve been a Whatsapp voice message",hot_take,Dismisses the Aurora vs Furia match as a blowout not worth watching - stated as fact with no score cited
"If yuurih continues this into the final he can be a real difference maker",hot_take,Bold prediction about yuurih impact in finals - stated with confidence without citing his stats
"Furia Spirit or Falcons taking this major talk about a win-win-win situation. Just glad to have a breath of fresh air RIP vitality",hot_take,Frames all three remaining teams as good outcomes - dismisses Vitality as bad for the scene without argument
"FalleN longevity and influence within his region despite not having the same level of success as some of his peers is why I consider him the Faker of Counter-Strike and is my personal GOAT.",hot_take,Subjective GOAT claim using a cross-game analogy - stated as personal conclusion without a comparative record
"Xantares gotta stop tilting so fast man. Im getting tilted just watching him tilt that fast.",reaction,Emotionally frustrated reaction watching a player tilt in real time - no argument just feeling
"This is definitely the end of the experiment.",hot_take,Bold declarative claim about Aurora roster being finished - stated as certain with no evidence
"If Furia wins it should be the biggest fraud in CS History. Its not normal an opponent to face Navi G2 Vitality and Spirit to get to the finals while Furia had Aurora and 9z in playoffs and in groups had B8 Mouz and BB",analysis,Directly contrasts Falcons bracket path (NAVI G2 Vitality Spirit) vs Furia bracket path (B8 MOUZ BB 9z Aurora) - lists specific opponents as verifiable evidence for the difficulty gap
"That CT side of Nuke was one of the most frustrating sides. They got the opening kill in almost every single gun round had three separate 5v3s amazing positions that should ve won them rounds. Instead they fumble away every single chance lose 7 straight rounds including a yuurih 1v2 to top it off and leave themselves with no chance of a comeback.",analysis,Cites specific round data: 3 separate 5v3s lost 7 straight rounds one yuurih 1v2 - detailed tactical breakdown of Aurora CT side failure
"Yet another LANtares masterclass one day the 30 y.o. prodigy is gonna stop choking to death.",hot_take,Sarcastic characterization of Xantares as a consistent LAN choker - stated as established pattern (LANtares nickname)
"GGs Furia but holy this might be the easiest major run ever for them lol. B8 Mouz BB 9z and Aurora",analysis,Lists Furia s specific opponents (B8 MOUZ BB 9z Aurora) as evidence for the easiest run claim - verifiable bracket path cited
"Fallen in the finals!",reaction,Short celebratory reaction to FalleN reaching the finals - pure emotional exclamation
"I faithfully watched the Liquid Fallen era to earn this",reaction,Personal narrative emotional investment - watching years of a player to reach this moment
"Spirit also looked kinda bad in 2-0 game against furia in Astana. Also in Budapest their 2-0 game against mouz was easily their worst. I think spirit just play more relaxed cs and more default without much depth in strats when they make it this far and playoffs are basically guaranteed. I think that 26-4 against 9z last time didn t help much either as they probably thought of this as another free win.",analysis,References 3 specific prior results (Astana vs Furia / Budapest vs MOUZ / 26-4 vs 9z) to explain Spirit s complacent performance - verifiable match history
"Historically they look terrible in playoffs any time they go 3-0. Hopefully they treat this series as a loss and prep hard. Especially for whatever was going on with Tn1r. His positioning was absolutely atrocious",analysis,States a historical pattern (poor 3-0 playoff performance) and identifies a specific player s positional issue - pattern claim backed by implied match history
"the biggest difference between untouchable thanos spirit and today was just a lack of teamplay their util was so good in previous matches it made it easy to Donk to fulfill the master plan",analysis,Isolates a specific tactical factor (utility coordination enabling Donk) as the key variable between Spirit s best and worst performances - causal tactical argument
"IMO this game is Magixx s breakthrough as an IGL. Astana was nice and all but maintaining the mental resilience being behind for most of the last two maps and finding the right plays to pull off two big comebacks without any help from Hally or S0tf1k is huge stuff for his development and confidence.",analysis,Uses Astana as a comparison point and cites two map comeback wins as verifiable evidence for Magixx s IGL development - before/after argument
"9Z are actually such a dark horse they beat vitality and they took Spirit to 3 overtimes in a best of 3 to almost beat them. They just have to get better at closing out maps when they re on match point.",analysis,Cites specific achievements (beat Vitality; 3 OTs vs Spirit) as evidence for 9z s dark horse status - uses verifiable results
"Honestly despite how sloppy they ve looked for most of this mad props to Magixx for making these comebacks happen and powering through without a coach behind him. Spirit have never been a team known for mental resilience but here they showed plenty of it. Six match points saved across two maps.",analysis,Cites a specific stat (6 match points saved across 2 maps) and references Spirit s historical reputation for lack of resilience as a contrast - data-grounded argument
"A 1.09 rating across the series is great. Tn1r wasn t great today although he saved the second map twice.",analysis,Cites magixx s specific 1.09 series rating and tn1r s two match-saving clutches on map 2 as verifiable performance data
"He s also fucking drained. Both physically (3 OT maps) and psychologically having to pull back big deficits on 2 of the 3 maps since without a coach behind him the tactical chess game is all on him.",analysis,Makes a structural argument: 3 OT maps + 2 map comebacks + no coach = full tactical burden on Magixx - specific and verifiable
"9z only have themselves to blame absolute atrocious decisionmaking in the crucial moments. that 3v2 retake on Mirage was bad Max stomping like a bear during his flank in overtime was even worse but I guess thats to be expected from such an inexperienced team",analysis,Cites two specific tactical errors (3v2 retake on Mirage; Max s OT flank) as evidence for 9z s poor decision-making - grounded in identifiable in-game events
"I think the idea of the double swing in mirage to aliviate the pressure from both CTs wasn t that bad tn1r was just really good dealing with it.",analysis,Provides tactical context for the double swing play and attributes the failure to tn1r s individual response - situational reasoning
"Feels like playing without a coach is starting to catch up to Spirit. Their decisionmaking looked atrocious as 9z pulled advantages and made comebacks. I agree with magixx s take in the interview.",analysis,References magixx s post-match interview as evidence; attributes poor decisions to absent coaching - structural argument supported by player testimony
"It was obviously bad comms look at the round again they were mollying ramp as if Spirit were pushing the site",analysis,Cites specific in-game utility use (molly on ramp) as evidence for a communication breakdown - explains Max s mistake with game-state reasoning
"9z gonna be kicking themselves over the 12-11 round on Mirage. They had it won guaranteed by time if they just didn t peek but the nerves got to them.",analysis,Cites specific round score (12-11 on Mirage) and identifies the critical decision error (unnecessary peek) as the turning point
"Shiro was the man today the 2vs3 clutch on mirage and the 11-8 clutch on dust 2 won them the game",analysis,Cites two specific clutch situations with map names and round context as evidence for sh1ro s decisive contribution
"Donk just made his 5th major playoffs at 19 years old. 5 trophies on his steam profile already hahaha",analysis,States two specific verifiable stats (5th major playoffs; 19 years old; 5 steam trophies) as evidence for Donk s exceptional career trajectory
"Crazy that it felt Donk wasn t having his usual impact and you see the scoreboard and he has 20+ frags. Shiro and Tn1r clutches saved millions of pickems.",analysis,Contrasts eye test impression vs actual scoreboard (20+ frags) - distinguishes impact from raw stats; references specific clutch performances
"banger game could be best match of the year. would of been a crazy result for 9z if they had pulled off that win to beat vitality and spirit in bo3s back to back at the major",analysis,Frames 9z s result by citing their consecutive opponents (Vitality then Spirit) as evidence for what would have been an historic run
"That Max blunder round on the first half of OT to Magixx making a huge call to fake B won the series. Shows that there s levels to IGL holy",analysis,Attributes the series outcome to a specific strategic counter-call (fake B) following Max s mistake - cause/effect tactical argument
"Also happened v Vita in Dust HUASOPEEK dropping from the dumpster at 12:11 was a headscratcher for sure",analysis,References a specific position (dumpster) and round time (12:11) in the prior Vitality match as evidence for a repeated poor decision-making pattern in 9z
"Can someone explain what was happening on Dust II So many 5 man calls on T side from magixx which 9z over rotates against. I guess magixx punished it in OT when it mattered but I mean there is a reason to have a lurker.",analysis,Identifies magixx s 5-man T-side calls as a specific tactical pattern and questions the absence of a lurker - tactical question grounded in observed in-game behavior
"Holy cow I got a 3-0 pick right AND I got to watch series of the year.",reaction,Personal excited reaction combining pickem success with match quality - emotional
"12-16 16-13 16-14??? csgo is so back",reaction,Excited reaction to the tight map scores - short emotional outburst
"magixx: I felt like we lost 3 maps today. Hope he bounces back after this he was really hard on himself in the post match interview",reaction,Empathetic emotional response to player interview - feeling-driven
"Nail-biter after nail-biter after nail-biter match. GGWP to 9z they did their absolute best.",reaction,Short expression of admiration and excitement - emotional
"Who needs the world cup when we got this Jesus what a game.",reaction,Hyperbolic excitement about match quality - personal emotional reaction
"I died and came back to life like twenty different times this series",reaction,Hyperbolic emotional description of watching the match - pure feeling
"MATCH OF THE F KING MAJOR! Respect to 9Z",reaction,Caps emotional reaction declaring the match as the best of the major
"Stand proud 9Z. You were strong.",reaction,Emotional tribute to the losing team - empathetic feeling-first
"I thought vitality just fluked yesterday but this just proves that 9z came to play. I had such low hopes from them after stage 2 but god damn did they come back swinging.",reaction,Describes personal journey from low expectations to excitement - emotional narrative
"I LITERALLY QUIT THE STREAM WHEN IT WAS 9-12 TO 9Z HAVING PUT SPIRIT ON MY 3-0 SPOT. Coming back 40 minutes later and seeing the actual result was like a heaven dream",reaction,Personal emotional story about leaving and returning to the stream - feeling-driven
"holy shit my heart",reaction,Short immediate emotional reaction - pure feeling
"Spirit looked entirely beatable here. No coach and no strats is probably not gonna work out. 9z kinda threw both Mirage and d2 in the end more than Spirit won them.",hot_take,Bold claim that Spirit are beatable and that 9z threw the series - stated as conclusion without round-by-round evidence
"Imagine this is Furia s major. Just imagine.",hot_take,Sarcastic hot take about the alternate storyline where Furia wins - stated as dramatic what-if
"Give my man sh1ro his flowers. m0nesy could never.",hot_take,Bold comparative claim dismissing m0nesy - stated as absolute fact
"By the end of the year Reddit will still claim sh1ro doesn t contribute in Spirit.",hot_take,Predicts community behavior based on sh1ro s perceived underappreciation - stated as inevitable
"9z looking cracked. Spirit scraped by on this one.",hot_take,Bold assessment of 9z as impressive and Spirit as lucky - stated without stats
"They play Spirit like this and we think they ll lose to G2 No way",hot_take,Extrapolates from one result to predict future matchup - bold assertion
"Max was dogshit from all 6 games I ve seen of 9z he s the one always sticking out like some random they got last sec to fill 5th",hot_take,Harsh characterization of Max as consistently the weak link - pattern claim stated as obvious
"dgt has been 9z's best player this entire major - 1.28 overall rating across 3 series, top fragging in 2 of them. The team only goes as far as he does.",analysis,Cites dgt's specific 1.28 series rating and top-frag count across 3 series as evidence for his carry role in 9z
"Spirit's T-side on Overpass has been their worst map side this event - they're winning under 35% of T rounds and keep getting caught in the same crossfire at monster every game.",analysis,Cites a specific win-rate percentage on a specific map side and identifies a repeating tactical failure point - verifiable pattern
"Magixx won that series with one call - the fake B on OT of Dust2. It was a read on 9z's over-rotation tendency that he had been setting up for two full maps.",analysis,Attributes the series win to a single specific tactical call and frames it as deliberate setup over multiple maps - cause-and-effect argument
"Donk's 1.43 series rating vs 9z is the highest any Spirit player has put up in a 3-map series this major. Still barely enough to win.",analysis,Cites a specific verifiable rating (1.43) across a specific match as the team's best performance - statistical comparison
"The key difference in map 3 was Donk on Dust2 going 30-19 with 1.82 rating. 9z simply had no answer for him on that map once he woke up.",analysis,References exact kill/death numbers and map-specific rating from the match scoreboard to explain the Map 3 result
"Spirit have now won 5 straight maps that went to overtime in this major. That is not a coincidence - their default setups are specifically designed to deny quick wins and force extra rounds.",analysis,Cites a specific verifiable streak (5 straight OT map wins) and offers a tactical explanation grounded in observable default play
"The fact that Spirit are 3-0 in the swiss stage without a coach while playing three OT maps in one series puts them in an elite bracket - only two other teams in major history have gone 3-0 without a head coach on the bench.",analysis,Makes a historical comparison with a specific verifiable claim about going 3-0 coachless - frames the stat in a broader historical context
"I cannot breathe. Three overtimes. Three. I aged a decade watching that match.",reaction,Pure physical emotional reaction to the match tension - hyperbolic and feeling-first
"9z taking vitality and almost taking spirit in back to back rounds 2 and 3... I am genuinely emotional right now. LATAM CS is back.",reaction,Emotional pride reaction tied to regional identity - feeling-driven with no tactical argument
"That post-match interview with magixx is genuinely one of the most touching things I've seen at a major. The man was exhausted and just honest. Love him.",reaction,Emotional admiration reaction to a player interview - personal and feeling-first